﻿MASV,HỌ VÀ TÊN,SỐ CMND,NGÀY SINH,QUÊ QUÁN,EMAIL,CHỔ HIỆN TẠI
165112001,Nguyễn Văn Anh,1231254545,23/2/1998,Đà Nẵng,anh@gmail.com,Hồ Chí Minh
165112005,Hồ Văn Cường,1315454121,21/5/1997,Đồng Nai,cuong@gmail.com,Hồ Chí Minh
165112007,Lê Văn Đại,23121564,12/5/1996,Quảng Bình,dai@gmail.com,Quận Gò Vấp
165112012,Lê Vân Anh,154623156,25/1/1999,Khánh Hòa,anh@gmail.com,Quận 1
165112013,Lê Anh Hòa,124512312,12/12/1997,Hồ Chí Minh,hoa@gmail.com,Hồ Chí Minh
165112014,Nguyễn Hoàng Anh,121245136,12/5/1996,HCM,anhn@gmail.com,HCM
165112015,Hoàng Văn Thanh,15423695,15/5/1998,Cà Mau,thanh@gmail.com,Hồ Chí Minh
165112016,Hồ Ngọc Sơn,124512362,12/5/1997,Sơn La,son@gmail.com,Hồ Chí Minh
165112002,Hồ Thái Hà,145123625,12/5/1997,Hà Nam,ha@gmail.com,Hồ Chí Minh
