﻿MASV,HỌ VÀ TÊN,SỐ CMND,NGÀY SINH,QUÊ QUÁN,EMAIL,CHỔ HIỆN TẠI
165112001,Nguyễn Văn Anh,123124545,23/2/1998,Đà Nẵng,anh@gmail.com,Hồ Chí Minh
165112003,Nguyễn Văn Bình,201651351,2/7/1997,Hồ Chí Minh,binh@gmail.com,Hồ Chí Minh
165112004,Nguyễn Văn Đức,186526425,3/7/1997,Long An,duc@gmail.com,Hồ Chí Minh
165112005,Hồ Văn Cường,142389564,21/5/1997,Đồng Nai,cuong@gmail.com,Hồ Chí Minh
165112006,Nguyễn Sỹ Cường,253498625,12/9/1999,Cà Mau,cuongsy@gmail.com,Hồ Chí Minh
165112008,Bùi Đức Lộc,135294562,30/07/1997,Bình Định,lockupin@gmail.com,Quận 12
165112009,Nguyễn Quang Lĩnh,201532012,23/6/1998,Đà Nẵng,linhnq236@gmail.com,Hồ Chí Minh
165112010,Trần Văn Tài,564512132,23/1/1996,Vũng Tàu,tai@gmail.com,Quận 12
165112011,Nguyễn Văn Tèo,123451365,12/5/1996,Nha Trang,teo@gmail.com,Quận Tân Phú

